Product_ID,Feature_ID
P1,F1
P1,F2
P1,F3
P1,F4
P1,F5
P1,F6
P2,F1
P2,F2
P2,F3
P2,F4
P2,F5
P2,F6
P3,F1
P3,F7
P3,F8
P3,F9
P3,F10
P3,F11
P3,F12
P3,F13
P4,F1
P4,F2
P4,F3
P4,F4
P4,F5
P4,F6
P4,F7
P4,F8
P4,F9
P4,F10
P4,F11
P4,F12
P4,F13
P4,F14
P4,F15
P4,F16
P4,F17
P4,F18
P4,F19
P4,F20
P4,F21
P4,F22
P4,F23
P4,F24
P4,F25
P4,F26
P4,F27
P4,F28
P5,F17
P5,F18
P5,F19
P5,F20
P5,F21
P5,F22
P5,F23
P5,F24
P5,F25
P5,F26
P5,F28
P5,F29
P5,F30
P5,F31
P5,F32
P5,F33
P5,F34
P5,F35
P5,F36
P5,F37
P6,F1
P6,F2
P6,F3
P6,F4
P6,F5
P6,F6
P6,F7
P6,F8
P6,F9
P6,F10
P6,F11
P6,F12
P6,F13
P6,F14
P6,F15
P6,F16
P6,F17
P6,F18
P6,F19
P6,F20
P6,F21
P6,F22
P6,F23
P6,F24
P6,F25
P6,F26
P6,F27
P6,F29
P6,F30
P6,F31
P6,F32
P6,F33
P6,F34
P6,F35
P6,F36
P6,F37
P6,F38
P6,F39
P6,F40
P6,F41
P6,F42
P7,F1
P7,F2
P7,F3
P7,F4
P7,F5
P7,F6
P7,F7
P7,F8
P7,F17
P7,F18
P7,F19
P7,F20
P7,F21
P7,F22
P7,F24
P7,F25
P7,F38
P7,F40
P7,F41
P7,F42
P7,F43
P7,F44
P7,F45
P7,F46
P7,F47
P8,F14
P8,F7
P8,F15
P8,F47
P8,F48
P8,F6
P8,F40
P8,F29
P8,F27
P8,F37
P8,F17
P8,F18
P8,F19
P8,F38
P8,F21
P8,F22
P8,F23
P8,F24
P8,F31
P8,F26
P8,F32
P8,F49
P8,F16
P8,F45
P8,F8
P8,F42
P8,F39
P9,F50
P9,F51
P9,F52
P9,F53
P9,F54
P9,F6
P9,F20
P9,F55
P9,F56
P9,F57
P9,F46
P9,F40
P9,F44
P9,F42
P9,F25
P9,F12
P9,F11
P9,F21
P9,F24
P9,F22
P9,F38
P9,F32
P9,F39
P10,F57
P10,F56
P10,F55
P10,F42
P10,F38
P10,F50
P10,F52
P10,F53
P10,F54
P10,F46
P11,F1
P11,F2
P11,F3
P11,F4
P11,F5
P11,F6
P11,F7
P11,F8
P11,F9
P11,F10
P11,F12
P11,F13
P11,F19
P11,F20
P11,F27
P11,F30
P11,F35
P11,F40
P11,F44
P11,F46
P11,F55
P11,F56
P11,F57
P11,F58
P11,F59
P11,F60
P11,F61
P11,F62
P11,F63
P11,F64
P11,F65
P11,F66
P11,F67
P11,F68
P11,F69
P11,F70
P12,F61
P12,F67
P12,F44
P12,F69
P13,F17
P13,F63
P13,F57
P13,F60
P13,F69
P13,F68
P13,F61
P13,F62
P13,F67
P13,F70
P13,F71
P13,F72
P13,F73
P13,F74
P13,F75
P13,F76
P13,F77
P13,F78
P13,F79
P13,F8
P13,F64
P13,F7
P13,F58
P14,F62
P14,F72
P14,F70
P14,F71
P14,F68
P14,F6
P14,F7
P14,F8
P14,F42
P15,F1
P15,F2
P15,F4
P15,F5
P15,F6
P15,F7
P15,F8
P15,F12
P15,F17
P15,F19
P15,F20
P15,F22
P15,F25
P15,F38
P15,F40
P15,F42
P15,F45
P15,F60
P15,F68
P15,F69
P15,F77
P15,F78
P15,F79
P15,F80
P15,F81
P15,F82
P15,F83
P15,F84
P15,F85
P15,F86
P15,F87
P15,F88
P15,F89
P15,F90
P15,F91
P15,F92
P16,F1
P16,F4
P16,F6
P16,F11
P16,F17
P16,F25
P17,F17
P17,F38
P17,F11
P17,F4
P17,F25
P18,F93
P18,F94
P18,F95
P18,F96
P18,F97
P18,F98
P18,F99
P18,F60
P18,F12
P19,F1
P19,F6
P19,F38
P19,F60
P19,F61
P20,F93
P20,F94
P20,F95
P20,F98
P20,F99
P20,F60
P20,F69
P20,F4
P20,F5
P20,F12
P20,F25
P20,F27
P20,F30
P20,F38
P21,F98
P21,F94
P21,F95
P21,F93
P21,F100
P21,F101
P21,F102
P21,F103
P21,F104
P21,F105
P22,F93
P22,F104
P22,F105
P22,F106
P22,F107
P22,F108
P22,F109
P22,F110
P22,F111
P22,F112
P22,F113
P22,F114
P22,F115
P22,F116
P22,F117
P22,F118
P23,F93
P23,F119
P23,F120
P23,F121
P23,F122
P23,F123
P23,F124
P23,F125
P23,F126
P23,F99
P23,F127
P23,F128
P23,F129
P23,F130
P23,F131
P23,F95
P23,F102
P23,F94
P23,F6
P23,F17
P23,F18
P24,F124
P24,F93
P24,F119
P24,F120
P24,F95
P24,F99
P24,F125
P24,F130
P24,F131
P24,F129
P24,F122
P24,F121
P24,F112
P24,F96
P24,F114
P25,F93
P25,F124
P25,F94
P25,F119
P25,F120
P25,F99
P25,F125
P25,F129
P25,F130
P25,F131
P25,F132
P25,F133
P25,F134
P25,F135
P25,F136
P25,F137
P25,F138
P25,F139
P25,F140
P25,F141
P25,F142
P25,F143
P25,F144
P26,F124
P26,F93
P26,F4
P26,F135
P26,F95
P26,F126
P26,F12
P26,F138
P26,F130
P26,F25
P26,F26
P26,F100
P26,F11
P26,F120
P26,F137
P26,F136
P26,F132
P26,F133
P26,F134
P26,F89
P29,F139
P29,F140
P29,F141
P29,F142
P29,F143
P30,F1
P30,F144
P30,F145
P30,F146
P30,F142
P31,F146
P31,F144
P31,F145
P31,F128
P32,F146
P32,F144
P32,F30
P33,F147
P33,F148
P33,F149
P33,F146
P33,F150
P33,F151
P34,F144
P34,F142
P34,F146
P34,F152
P34,F153
P34,F134
P35,F153
P35,F154
P35,F155
P36,F153
P36,F154
P36,F155
P37,F6
P37,F7
P37,F8
P38,F6
P38,F40
P38,F134
P39,F50
P40,F156
P40,F157
P40,F158
P40,F159
P40,F160
P40,F112
P40,F116
P40,F161
P40,F162
P40,F163
P40,F164
P40,F165
P40,F166
P40,F125
P41,F166
P41,F167
P41,F168
P41,F169
P41,F170
P41,F171
P41,F172
P41,F173
P41,F174
P41,F125
P41,F116
P41,F122
P41,F118
P41,F164
P41,F165
P42,F173
P42,F174
P42,F175
P42,F176
P42,F177
P42,F178
P42,F179
P42,F180
P42,F181
P42,F125
P42,F172
P43,F156
P43,F167
P43,F172
P44,F156
P44,F167
P44,F171
P44,F172
P45,F156
P45,F167
P45,F112
P45,F121
P45,F122
P45,F161
P45,F172
P45,F173
P46,F174
P46,F175
P46,F176
P46,F177
P46,F178
P46,F179
P46,F180
P46,F166
P46,F167
P46,F169
P46,F170
P46,F171
P46,F172
P46,F173
P47,F180
P47,F181
P47,F182
P47,F183
P47,F184
P47,F156
P47,F166
P47,F179
P48,F166
P48,F169
P48,F174
P48,F179
P48,F184
P49,F163
P49,F183
P49,F178
P49,F179
P49,F180
P49,F181
P49,F182
P49,F184
P49,F166
P50,F166
P50,F167
P50,F168
P50,F169
P50,F170
P50,F177
P50,F178
P50,F179
P50,F180
P50,F181
P50,F182
P50,F183
P50,F184
P51,F185
P51,F186
P51,F187
P52,F112
P52,F113
P52,F134
P52,F156
P52,F160
P53,F124
P53,F93
P53,F133
P53,F99
P53,F131
P53,F130
P53,F129
P53,F112
P53,F122
P53,F121
P53,F125
P53,F126
P53,F127
P53,F128
P54,F132
P54,F133
P54,F124
P54,F93
P54,F119
P54,F95
P54,F121
P54,F122
P54,F136
P54,F137
P54,F138
P54,F106
P54,F134
P55,F124
P55,F93
P55,F99
P55,F126
P55,F125
P55,F121
P55,F122
P55,F133
P55,F97
P55,F188
P55,F189
P55,F190
P55,F191
P55,F192
P55,F193
P56,F124
P56,F189
P56,F96
P56,F98
P56,F99
P56,F192
P56,F193
P56,F138
P56,F137
P56,F142
P56,F133
P56,F122
P56,F112
P56,F188
P57,F134
P57,F124
P57,F133
P57,F93
P57,F142
P57,F98
P57,F112
P57,F122
P57,F120
P57,F135
P57,F119
P57,F94
P57,F102
P58,F134
P58,F112
P58,F156
P58,F166
P58,F167
P59,F156
P59,F160
P59,F95
P59,F140
P59,F171
P60,F194
P60,F195
P60,F196
P60,F197
P60,F198
P60,F199
P60,F200
P61,F78
P61,F201
P61,F202
P61,F203
P61,F204
P61,F205
P61,F206
P61,F207
P61,F200
P61,F208
P62,F133
P62,F124
P62,F93
P62,F138
P62,F137
P62,F129
P63,F156
P64,F209
P64,F210
P64,F211
P64,F212
P64,F213
P64,F214
P64,F215
P64,F216
P64,F217
P64,F218
P65,F219
P65,F220
P65,F221
P65,F222
P65,F223
P65,F224
P65,F225
P66,F226
P66,F227
P66,F228
P66,F229
P66,F230
P66,F231
P66,F232
P67,F233
P67,F234
P67,F235
P67,F236
P68,F236
P68,F237
P68,F25
P69,F236
P69,F237
P69,F238
P69,F239
P69,F240
P70,F3
P71,F122
P71,F166
P72,F233
P72,F234
P72,F235
P73,F156
P73,F241
P73,F242
P73,F243
P73,F244
P73,F245
P73,F246
P73,F122
P74,F122
P74,F130
P74,F138
P74,F245
P75,F247
P75,F248
P75,F249
P75,F250
P75,F251
P75,F252
P75,F253
P75,F254
P75,F255
P76,F156
P76,F256
P76,F257
P76,F258
P77,F156
P77,F166
P77,F245
P78,F259
P78,F260
P78,F261
P79,F156
P79,F166
P80,F262
P80,F263
P80,F264
P80,F265
P80,F266
P80,F267
P80,F268
P81,F268
P81,F269
P81,F270
P81,F271
P81,F272
P81,F273
P81,F274
P81,F275
P81,F276
P81,F277
P81,F278
P81,F138
P82,F268
P82,F271
P82,F278
P82,F122
P82,F166
P82,F276
P83,F279
P83,F280
P83,F281
P83,F282
P83,F122
P84,F283
P84,F284
P84,F285
P84,F286
P84,F287
P84,F288
P84,F289
P84,F290
P84,F138
P85,F156
P86,F122
P86,F288
P86,F268
P86,F269
P86,F270
P86,F271
P86,F272
P86,F273
P86,F274
P86,F275
P86,F276
P86,F277
P86,F278
P87,F291
P87,F292
P87,F293
P87,F122
P87,F294
P87,F295
P87,F130
P88,F156
P89,F296
P89,F297
P89,F298
P89,F299
P89,F300
P89,F301
P90,F302
P90,F303
P90,F304
P91,F122
P91,F138
P91,F156
P91,F166
P92,F302
P92,F303
P92,F304
P92,F305
P92,F306
P92,F307
P92,F308
P93,F156
P93,F302
P93,F303
P93,F306
P93,F307
P93,F308
P94,F156
P94,F166
P95,F156
P95,F122
P95,F138
P96,F309
P96,F310
P96,F311
P96,F312
P96,F313
P96,F314
P96,F122
P97,F122
P97,F130
P97,F313
P98,F122
P98,F130
P98,F313
P99,F122
P99,F156
P99,F313
P100,F230
P100,F156
P101,F122
P101,F138
P101,F171
P101,F156
P102,F122
P102,F166
P103,F63
P103,F195
P104,F195
P104,F156
P104,F166
P105,F314
P105,F315
P105,F316
P105,F317
P105,F318
P105,F319
P106,F318
P106,F319
P106,F320
P106,F321
P106,F322
P106,F323
P106,F324
P106,F325
P106,F326
P106,F327
P106,F328
P106,F329
P107,F156
P107,F157
P107,F158
P107,F159
P107,F160
P107,F166
P107,F167
P107,F172
P107,F173
P107,F328
P108,F329
P108,F330
P108,F331
P108,F129
P108,F166
P109,F332
P109,F333
P109,F334
P109,F335
P109,F336
P110,F156
P110,F157
P110,F158
P110,F159
P110,F160
P110,F166
P110,F167
P110,F171
P110,F172
P110,F173
P110,F174
P110,F245
P110,F138
P110,F137
P111,F337
P111,F338
P111,F339
P111,F340
P111,F341
P111,F342
P111,F343
P111,F344
P112,F241
P112,F242
P112,F244
P112,F245
P112,F246
P112,F278
P113,F302
P113,F122
P113,F156
P113,F305
P113,F308
P113,F344
P114,F302
P114,F303
P114,F122
P115,F156
P115,F166
P115,F171
P116,F195
P117,F345
P117,F346
P117,F347
P117,F348
P117,F349
P117,F350
P118,F333
P118,F335
P118,F156
P118,F166
P118,F172
P119,F333
P119,F335
P119,F336
P119,F166
P120,F351
P120,F352
P120,F353
P120,F354
P120,F355
P120,F356
P120,F166
P121,F156
P121,F345
P121,F346
P121,F348
P121,F356
P122,F156
P122,F167
P122,F345
P122,F346
P122,F348
P122,F349
P122,F350
P122,F356
P124,F357
P124,F358
P124,F359
P124,F360
P125,F361
P125,F362
P125,F363
P125,F364
P125,F125
P125,F360
P125,F357
P125,F358
P125,F359
P126,F363
P126,F364
P126,F365
P126,F366
P126,F367
P126,F368
P126,F369
P126,F370
P126,F371
P126,F122
P126,F129
P127,F156
P127,F157
P127,F158
P127,F159
P127,F160
P127,F255
P128,F372
P128,F373
P128,F374
P128,F375
P128,F376
P128,F377
P129,F125
P129,F122
P129,F112
P129,F111
P129,F109
P129,F200
P129,F82
P130,F378
P130,F379
P130,F380
P130,F381
P130,F382
P130,F383
P130,F384
P130,F385
P131,F386
P131,F387
P131,F388
P131,F389
P131,F390
P131,F391
P131,F392
P131,F393
P131,F394
P131,F395
P132,F396
P132,F397
P132,F398
P132,F399
P132,F400
P132,F401
P132,F402
P132,F403
P133,F130
P133,F129
P134,F404
P134,F405
P134,F406
P134,F156
P135,F156
P135,F157
P135,F158
P135,F166
P135,F167
P135,F171
P136,F406
P136,F407
P136,F408
P136,F409
P136,F410
P137,F411
P137,F412
P137,F413
P137,F414
P137,F415
P137,F416
P137,F417
P137,F418
P137,F419
P137,F420
P137,F1
P137,F156
P137,F166
P137,F167
P137,F157
P137,F158
P137,F159
P137,F160
P138,F122
P138,F130
P138,F138
P138,F385
P139,F156
P139,F166
P139,F171
P140,F156
P140,F157
P140,F158
P140,F159
P140,F160
P140,F166
P140,F167
P140,F125
P140,F171
P145,F112
P145,F122
P146,F156
P146,F157
P146,F158
P146,F159
P146,F160
P147,F156
P147,F157
P147,F158
P147,F159
P147,F160
P147,F166
P147,F167
P148,F421
P148,F422
P148,F423
P148,F424
P148,F425
P148,F426
P148,F427
P149,F428
P149,F429
P149,F430
P149,F166
P150,F156
P150,F157
P150,F158
P150,F159
P150,F160
P150,F112
P150,F122
P150,F125
P150,F171
P151,F430
P151,F431
P151,F432
P151,F433
P151,F434
P151,F435
P151,F436
P151,F156
P152,F156
P152,F166
P152,F167
P152,F157
P152,F158
P152,F159
P152,F160
P152,F162
P152,F163
P152,F164
P152,F165
P152,F172
P152,F173
P152,F174
P152,F175
P152,F176
P152,F177
P152,F178
P152,F179
P152,F180
P152,F181
P152,F182
P152,F183
P152,F184
P153,F166
P153,F156
P153,F157
P153,F158
P153,F122
P153,F385
P154,F384
P155,F3.3V Power Supply
P156,F156
P157,F156
P157,F437
P157,F438
P157,F439
P157,F440
P157,F441
P157,F442
P157,F443
P158,F114
P158,F130
P158,F131
P158,F122
P158,F278
P159,F166
P159,F156
P162,F104
P162,F122
P162,F123
P163,F166
P163,F138
P163,F122
P163,F223
P163,F123
P163,F245
P164,F166
P164,F156
P165,F443
P165,F444
P166,F122
P166,F166
P167,F122
P167,F130
P167,F138
P167,F245
P168,F122
P168,F130
P168,F245
P169,F445
P169,F446
P169,F122
P169,F447
P169,F448
P169,F449
P169,F450
P170,F445
P170,F447
P170,F448
P170,F449
P170,F156
P171,F450
P171,F451
P171,F452
P171,F453
P171,F454
P172,F117
P172,F171
P173,F454
P173,F455
P173,F456
P173,F457
P173,F458
P173,F459
P173,F460
P173,F461
P173,F462
P173,F463
P174,F464
P174,F465
P174,F466
P174,F467
P174,F468
P174,F469
P175,F470
P175,F471
P175,F472
P175,F473
P175,F474
P175,F475
P175,F476
P175,F156
P176,F472
P176,F156
P177,F124
P177,F93
P177,F63
P177,F134
P177,F140
P177,F141
P177,F123
P177,F30
P177,F148
P177,F155
P177,F133
P177,F146
P177,F156
P178,F134
P178,F133
P178,F142
P178,F244
P178,F240
P178,F124
P178,F93
P178,F477
P178,F478
P178,F479
P178,F480
P178,F481
P178,F482
P178,F483
P178,F484
P178,F485
P178,F486
P178,F487
P179,F120
P179,F174
P179,F180
P179,F181
P179,F124
P179,F134
P179,F247
P179,F248
P179,F194
P179,F63
P179,F91
P179,F178
P179,F147
P179,F241
P179,F242
P179,F40
P179,F156
P179,F158
P179,F159
P179,F160
P179,F151
P179,F477
P179,F478
P179,F479
P179,F480
P179,F481
P179,F482
P179,F483
P179,F484
P179,F485
P179,F486
P179,F487
P179,F140
P179,F141
P180,F120
P180,F174
P180,F180
P180,F181
P180,F124
P180,F134
P180,F194
P180,F195
P180,F140
P180,F141
P181,F134
P181,F124
P181,F180
P181,F181
P181,F174
P181,F477
P181,F478
P181,F479
P181,F480
P181,F156
P181,F195
P181,F120
P182,F134
P182,F124
P182,F153
P182,F180
P182,F181
P182,F174
P182,F120
P182,F156
P182,F158
P182,F195
P182,F194
P182,F247
P182,F248
P182,F226
P183,F134
P183,F124
P183,F156
P183,F158
P183,F159
P183,F174
P183,F180
P183,F181
P183,F182
P183,F140
P183,F141
P183,F236
P183,F256
P183,F194
P183,F195
P183,F302
P183,F303
P183,F307
P183,F305
P183,F306
P183,F308
P183,F202
P183,F206
P183,F116
P183,F166
P183,F167
P183,F175
P183,F176
P183,F177
P183,F178
P183,F151
P183,F157
P183,F160
P183,F161
P183,F162
P183,F163
P183,F164
P183,F165
P183,F168
P183,F169
P183,F170
P183,F171
P183,F172
P183,F173
P184,F120
P184,F174
P184,F180
P184,F181
P184,F124
P184,F134
P184,F195
P184,F194
P185,F120
P185,F174
P185,F180
P185,F181
P185,F124
P185,F134
P185,F206
P185,F219
P185,F220
P185,F194
P185,F195
P185,F236
P185,F256
P185,F209
P185,F372
P185,F156
P185,F157
P185,F158
P186,F135
P186,F174
P186,F180
P186,F181
P186,F124
P186,F134
P186,F244
P186,F195
P187,F6
P187,F134
P187,F120
P187,F174
P187,F180
P187,F181
P187,F124
P187,F406
P187,F421
P187,F428
P187,F194
P187,F195
P188,F135
P188,F174
P188,F180
P188,F181
P188,F124
P188,F134
P188,F396
P188,F406
P188,F421
P188,F428
P188,F420
P188,F372
P188,F156
P188,F158
P188,F159
P188,F160
P188,F194
P188,F195
P189,F120
P189,F174
P189,F180
P189,F181
P189,F124
P189,F134
P189,F209
P189,F140
P189,F141
P189,F194
P189,F195
P191,F14
P191,F488
P191,F489
P191,F490
P192,F14
P192,F156
P192,F13
P192,F134
P192,F50
P193,F14
P193,F153
P193,F154
P193,F13
P193,F156
P193,F490
P194,F491
P194,F492
P194,F493
P194,F14
P195,F491
P195,F490
P196,F124
P196,F126
P196,F130
P196,F131
P196,F138
P196,F129
P196,F106
P196,F107
P196,F108
P196,F111
P196,F112
P196,F113
P196,F114
P196,F115
P196,F116
P196,F117
P196,F118
P196,F127
P196,F128
P196,F125
P196,F133
P196,F134
P196,F135
P196,F137
P196,F136
P196,F140
P196,F141
P196,F149
P196,F145
P196,F155
P196,F150
P196,F143
P196,F144
P196,F147
P196,F148
P196,F151
P196,F156
P196,F157
P196,F158
P196,F159
P196,F160
P196,F161
P196,F162
P196,F163
P196,F164
P196,F165
P196,F166
P196,F167
P196,F168
P196,F169
P196,F170
P196,F171
P196,F172
P196,F173
P196,F174
P196,F175
P196,F176
P196,F177
P196,F178
P196,F179
P196,F180
P196,F181
P196,F182
P196,F183
P196,F184
P196,F190
P196,F191
P196,F189
P196,F193
P197,F124
P197,F6
P197,F140
P197,F152
P197,F44
P197,F107
P197,F174
P197,F134
P197,F195
P197,F63
P198,F1
P198,F124
P198,F492
P198,F493
P198,F494
P198,F495
P198,F496
P198,F44
P198,F497
P198,F140
P198,F498
P198,F499
P198,F500
P198,F195
P199,F124
P199,F93
P199,F147
P199,F498
P199,F499
P199,F500
P199,F140
P199,F497
P199,F42
P200,F1
P200,F134
P200,F124
P200,F133
P200,F142
P200,F135
P200,F501
P200,F502
P200,F503
P200,F504
P200,F505
P200,F25
P200,F154
P200,F506
P200,F507
P200,F26
P200,F508
P200,F509
P200,F510
P200,F511
P200,F10
P200,F500
P201,F1
P201,F2
P201,F503
P201,F12
P201,F25
P201,F26
P201,F154
P201,F498
P202,F1
P202,F2
P202,F6
P202,F4
P202,F25
P202,F153
P202,F498
P202,F511
P203,F1
P203,F2
P203,F124
P203,F503
P203,F25
P203,F154
P203,F505
P203,F498
P203,F511
P204,F1
P204,F2
P204,F53
P204,F124
P204,F25
P204,F26
P204,F154
P204,F501
P204,F502
P204,F503
P204,F505
P204,F491
P204,F511
P205,F1
P205,F2
P205,F5
P205,F12
P205,F25
P205,F26
P205,F500
P205,F511
P206,F1
P206,F2
P206,F6
P206,F501
P206,F54
P206,F511
P207,F1
P207,F2
P207,F53
P207,F25
P207,F153
P207,F511
P208,F1
P208,F2
P208,F512
P208,F513
P208,F514
P208,F515
P208,F516
P208,F517
P208,F518
P208,F519
P208,F520
P208,F521
P208,F522
P208,F523
P208,F524
P208,F525
P208,F526
P208,F527
P208,F498
P209,F1
P209,F2
P209,F53
P209,F124
P209,F511
P209,F154
P210,F1
P210,F2
P210,F6
P210,F53
P210,F25
P210,F26
P210,F13
P210,F511
P211,F1
P211,F2
P211,F124
P211,F6
P211,F498
P211,F14
P211,F25
P211,F26
P211,F511
P212,F1
P212,F2
P212,F6
P212,F54
P212,F25
P212,F26
P212,F511
P213,F124
P213,F144
P213,F187
P214,F124
P214,F25
P214,F13
P215,F124
P215,F512
P215,F513
P215,F514
P215,F515
P215,F516
P215,F517
P215,F13
P215,F518
P215,F519
P215,F25
P215,F103
P216,F124
P216,F25
P216,F13
P216,F28
P217,F124
P217,F106
P217,F13
P217,F517
P217,F421
P217,F27
P217,F46
P218,F520
P218,F521
P218,F522
P218,F523
P218,F524
P218,F525
P218,F526
P218,F527
P218,F528
P218,F529
P218,F530
P218,F531
P218,F532
P218,F67
P218,F61
P218,F73
P218,F74
P218,F14
P218,F124
P219,F532
P219,F533
P219,F534
P219,F535
P219,F536
P219,F537
P219,F538
P219,F539
P219,F540
P219,F541
P219,F32
P219,F23
P219,F531
P219,F520
P219,F521
P219,F522
P219,F523
P219,F524
P219,F525
P219,F526
P219,F527
P219,F528
P219,F529
P219,F530
P220,F534
P220,F535
P220,F536
P220,F537
P220,F538
P220,F539
P220,F540
P220,F541
P220,F542
P220,F543
P220,F32
P220,F23
P220,F532
P220,F531
P220,F520
P220,F528
P220,F529
P220,F530
P221,F539
P221,F540
P221,F541
P221,F542
P221,F543
P221,F520
P221,F528
P221,F529
P221,F531
P221,F530
P222,F532
P222,F133
P222,F32
P222,F535
P222,F536
P222,F523
P222,F524
P222,F525
P222,F526
P222,F528
P222,F533
P222,F543
P222,F531
P222,F527
P222,F521
P222,F522
P222,F537
P222,F538
P222,F78
P222,F520
P223,F532
P223,F133
P223,F32
P223,F535
P223,F536
P223,F523
P223,F524
P223,F525
P223,F526
P223,F527
P223,F528
P223,F78
P223,F533
P223,F543
P223,F531
P223,F521
P224,F544
P224,F545
P224,F546
P224,F547
P224,F548
P224,F549
P224,F550
P225,F551
P225,F552
P225,F553
P225,F554
P225,F555
P225,F556
P225,F557
P225,F558
P225,F548
P225,F549
P225,F546
P225,F545
P226,F556
P226,F557
P226,F558
P226,F559
P226,F560
P226,F561
P226,F562
P226,F563
P226,F564
P226,F565
P226,F566
P226,F567
P226,F568
P226,F548
P226,F549
P226,F550
P226,F551
P226,F552
P227,F195
P227,F202
P227,F520
P227,F197
P227,F199
P227,F200
P227,F12
P227,F198
P227,F204
P228,F124
P228,F134
P228,F142
P228,F133
P228,F201
P228,F202
P228,F203
P228,F204
P228,F206
P228,F140
P228,F14
P228,F156
P228,F112
P228,F109
P228,F111
P228,F110
P228,F135
P229,F124
P229,F134
P229,F142
P229,F133
P229,F202
P229,F140
P229,F14
P229,F29
P229,F199
P229,F206
P229,F156
P229,F100
P229,F27
P229,F30
P229,F35
P229,F122
P229,F112
P229,F111
P229,F98
P230,F142
P230,F134
P230,F98
P230,F140
P230,F141
P230,F241
P230,F244
P230,F337
P230,F343
P230,F206
P230,F195
P230,F197
P230,F199
P230,F122
P230,F112
P230,F109
P230,F110
P230,F111
P230,F194
P230,F202
P230,F203
P230,F204
P230,F205
P231,F134
P231,F142
P231,F140
P231,F141
P231,F195
P231,F199
P231,F206
P231,F194
P231,F100
P231,F148
P231,F122
P231,F112
P231,F109
P231,F110
P231,F197
P231,F203
P231,F207
P232,F66
P232,F88
P232,F185
P232,F186
P232,F187
P233,F65
P233,F520
P233,F204
P234,F62
P234,F61
P234,F88
P234,F78
P235,F569
P235,F570
P235,F571
P235,F572
P235,F573
P235,F16
P236,F33
P236,F153
P237,F60
P237,F70
P237,F61
P237,F73
P237,F74
P237,F75
P237,F44
P237,F100
P237,F63
P237,F42
P237,F29
P237,F10
P237,F27
P238,F13
P238,F14
P238,F16
P238,F25
P238,F7
P238,F8
P238,F10
P238,F27
P238,F30
P238,F117
P239,F574
P239,F575
P239,F576
P239,F577
P240,F578
P240,F579
P240,F580
P240,F581
P240,F33
P241,F156
P243,F14
P243,F156
P243,F153
P243,F13
P243,F490
P244,F14
P244,F156
P244,F13
P244,F10
P244,F134
P245,F14
P245,F156
P245,F13
P245,F153
P246,F581
P246,F582
P246,F583
P246,F584
P246,F585
P246,F586
P247,F584
P247,F585
P247,F586
P247,F587
P247,F588
P247,F589
P248,F585
P248,F586
P248,F587
P248,F588
P248,F589
P249,F590
P249,F591
P249,F592
P249,F593
P249,F594
P251,F44
P252,F595
P252,F596
P252,F597
P252,F590
P252,F593
P252,F44
P252,F594
P253,F596
P253,F597
P253,F594
P254,F599
P254,F600
P254,F601
P254,F602
P254,F603
P254,F604
P254,F605
P255,F605
P255,F606
P255,F607
P255,F608
P255,F609
P255,F610
P255,F611
P255,F612
P255,F613
P256,F614
P256,F615
P256,F616
P256,F617
P256,F618
P256,F619
P256,F620
P256,F621
P256,F15
P258,F621
P258,F622
P258,F623
P258,F624
P258,F569
P258,F614
P259,F13
P260,F596
P260,F621
P261,F596
P261,F590
P261,F604
P262,F625
P262,F626
P262,F627
P262,F628
P262,F629
P262,F630
P263,F631
P263,F632
P263,F630
P263,F629
P263,F628
P264,F631
P264,F632
P264,F630
P265,F631
P265,F632
P265,F633
P265,F629
P266,F631
P266,F632
P266,F633
P266,F634
P267,F625
P267,F626
P267,F627
P267,F629
P267,F610
P268,F14
P268,F590
P269,F9
P269,F10
P269,F14
P269,F590
P270,F633
P270,F634
P270,F635
P270,F636
P270,F637
P270,F638
P270,F639
P270,F640
P270,F641
P270,F630
P272,F642
P272,F643
P272,F644
P272,F645
P273,F9
P273,F639
P274,F646
P274,F647
P274,F648
P274,F649
P275,F9
P275,F639
P276,F646
P276,F647
P276,F648
P276,F639
P277,F44
P277,F646
P277,F647
P277,F648
P277,F649
P277,F650
P277,F651
P278,F44
P278,F648
P278,F649
P278,F650
P279,F651
P279,F652
P279,F653
P279,F640
P279,F590
P280,F625
P280,F632
P280,F627
P280,F614
P281,F40
P281,F641
P281,F651
P281,F630
P281,F590
P282,F116
P282,F99
P282,F95
P284,F8
P285,F653
P285,F654
P285,F655
P285,F656
P285,F657
P285,F658
P285,F659
P285,F660
P285,F661
P286,F19
P286,F17
P286,F661
P286,F662
P286,F663
P286,F664
P286,F665
P286,F14
P287,F26
P287,F153
P287,F662
P287,F654
P287,F661
P287,F664
P288,F666
P288,F667
P288,F668
P288,F669
P288,F670
P288,F671
P288,F672
P288,F673
P289,F671
P289,F672
P289,F15
P292,F154
P293,F674
P293,F675
P293,F676
P293,F677
P293,F678
P293,F679
P293,F680
P294,F681
P294,F682
P294,F683
P294,F684
P294,F685
P294,F686
P294,F687
P294,F688
P294,F689
